mean_fit_time,std_fit_time,mean_score_time,std_score_time,param_learning_rate,param_max_depth,param_n_estimators,param_subsample,params,split0_test_score,split1_test_score,split2_test_score,split3_test_score,split4_test_score,split5_test_score,split6_test_score,split7_test_score,split8_test_score,split9_test_score,split10_test_score,split11_test_score,split12_test_score,split13_test_score,split14_test_score,split15_test_score,split16_test_score,split17_test_score,split18_test_score,split19_test_score,split20_test_score,split21_test_score,split22_test_score,split23_test_score,split24_test_score,split25_test_score,split26_test_score,split27_test_score,split28_test_score,split29_test_score,mean_test_score,std_test_score,rank_test_score
1.5945155302683511,0.06281160317588123,0.0038551648457845053,0.0007197939532614612,0.07,2,200,0.7,"{'learning_rate': 0.07, 'max_depth': 2, 'n_estimators': 200, 'subsample': 0.7}",0.6935817805383023,0.6873706004140787,0.7018633540372671,0.7261410788381742,0.6556016597510373,0.7282157676348547,0.6742738589211619,0.6950207468879668,0.7095435684647303,0.6742738589211619,0.6873706004140787,0.6438923395445134,0.6625258799171843,0.6784232365145229,0.7282157676348547,0.7053941908713693,0.7219917012448133,0.7468879668049793,0.7095435684647303,0.6784232365145229,0.6666666666666666,0.7060041407867494,0.722567287784679,0.7261410788381742,0.7240663900414938,0.6991701244813278,0.6950207468879668,0.6887966804979253,0.6659751037344398,0.6452282157676349,0.6949397065940454,0.026328220252139954,7
1.8285954395929973,0.07735649527385575,0.0036735296249389648,0.0005055801699650658,0.07,2,200,0.8,"{'learning_rate': 0.07, 'max_depth': 2, 'n_estimators': 200, 'subsample': 0.8}",0.6935817805383023,0.6853002070393375,0.7101449275362319,0.7178423236514523,0.6639004149377593,0.7302904564315352,0.6784232365145229,0.6970954356846473,0.6991701244813278,0.6846473029045643,0.6811594202898551,0.6521739130434783,0.660455486542443,0.6784232365145229,0.7323651452282157,0.7116182572614108,0.7199170124481328,0.7344398340248963,0.6846473029045643,0.6804979253112033,0.6708074534161491,0.6997929606625258,0.7018633540372671,0.7344398340248963,0.7282157676348547,0.6887966804979253,0.6887966804979253,0.6970954356846473,0.6597510373443983,0.6473029045643154,0.6937651950551104,0.024488609524620928,12
1.9912540753682455,0.04310953652109476,0.003711875279744466,0.0004734044611232237,0.07,2,200,0.9,"{'learning_rate': 0.07, 'max_depth': 2, 'n_estimators': 200, 'subsample': 0.9}",0.7060041407867494,0.6832298136645962,0.7018633540372671,0.7199170124481328,0.6701244813278008,0.7344398340248963,0.6701244813278008,0.6867219917012448,0.6970954356846473,0.6950207468879668,0.6811594202898551,0.6480331262939959,0.6625258799171843,0.6908713692946058,0.7302904564315352,0.7033195020746889,0.7219917012448133,0.7261410788381742,0.6908713692946058,0.6846473029045643,0.6832298136645962,0.6935817805383023,0.7080745341614907,0.7116182572614108,0.7240663900414938,0.6929460580912863,0.6991701244813278,0.7012448132780082,0.6742738589211619,0.6556016597510373,0.694939992955508,0.02150553543849149,6
1.9335359891255697,0.08812977569690307,0.004062461853027344,0.0004971507176602571,0.07,2,225,0.7,"{'learning_rate': 0.07, 'max_depth': 2, 'n_estimators': 225, 'subsample': 0.7}",0.6997929606625258,0.6935817805383023,0.7080745341614907,0.7240663900414938,0.6618257261410788,0.7302904564315352,0.6804979253112033,0.6991701244813278,0.6970954356846473,0.6825726141078838,0.6853002070393375,0.650103519668737,0.6625258799171843,0.6618257261410788,0.7219917012448133,0.7033195020746889,0.7095435684647303,0.7448132780082988,0.7053941908713693,0.6804979253112033,0.6645962732919255,0.6956521739130435,0.7163561076604554,0.7178423236514523,0.7240663900414938,0.6970954356846473,0.6867219917012448,0.6784232365145229,0.6763485477178424,0.6473029045643154,0.6935562943681293,0.02415417470276476,13
2.2072860956192017,0.17870231831767142,0.004156271616617839,0.00032515074625518126,0.07,2,225,0.8,"{'learning_rate': 0.07, 'max_depth': 2, 'n_estimators': 225, 'subsample': 0.8}",0.6873706004140787,0.6832298136645962,0.7018633540372671,0.7116182572614108,0.6639004149377593,0.7240663900414938,0.6721991701244814,0.6929460580912863,0.6970954356846473,0.6825726141078838,0.6853002070393375,0.6480331262939959,0.6687370600414079,0.6804979253112033,0.7261410788381742,0.7116182572614108,0.7178423236514523,0.7344398340248963,0.6887966804979253,0.6846473029045643,0.6790890269151139,0.7039337474120083,0.7018633540372671,0.7282157676348547,0.7282157676348547,0.6867219917012448,0.6825726141078838,0.7053941908713693,0.6618257261410788,0.6452282157676349,0.6928658768817526,0.023124776103794976,19
2.347325261433919,0.04549041395484235,0.004026381174723307,0.0004654709112703245,0.07,2,225,0.9,"{'learning_rate': 0.07, 'max_depth': 2, 'n_estimators': 225, 'subsample': 0.9}",0.6956521739130435,0.6894409937888198,0.7039337474120083,0.7261410788381742,0.6742738589211619,0.7344398340248963,0.6742738589211619,0.6908713692946058,0.6970954356846473,0.6908713692946058,0.6811594202898551,0.6480331262939959,0.6645962732919255,0.6867219917012448,0.7302904564315352,0.7095435684647303,0.7199170124481328,0.7282157676348547,0.6887966804979253,0.6825726141078838,0.6770186335403726,0.6997929606625258,0.7122153209109731,0.7157676348547718,0.7261410788381742,0.6991701244813278,0.6950207468879668,0.7053941908713693,0.6784232365145229,0.6514522821576764,0.695907894699163,0.022071111025580712,3
2.1887814521789553,0.04600968030323,0.004203192392985026,0.0005033195391421342,0.07,2,250,0.7,"{'learning_rate': 0.07, 'max_depth': 2, 'n_estimators': 250, 'subsample': 0.7}",0.6997929606625258,0.6894409937888198,0.7080745341614907,0.7282157676348547,0.6597510373443983,0.7240663900414938,0.6763485477178424,0.6908713692946058,0.7053941908713693,0.6763485477178424,0.6894409937888198,0.6521739130434783,0.6645962732919255,0.6701244813278008,0.7157676348547718,0.7116182572614108,0.7053941908713693,0.7282157676348547,0.7074688796680498,0.6742738589211619,0.6583850931677019,0.6915113871635611,0.7142857142857143,0.7199170124481328,0.7240663900414938,0.6908713692946058,0.6950207468879668,0.6825726141078838,0.6659751037344398,0.6514522821576764,0.6923812101062686,0.02312526869022916,22
2.4438865105311076,0.05759041890881798,0.004483747482299805,0.0011226377862246768,0.07,2,250,0.8,"{'learning_rate': 0.07, 'max_depth': 2, 'n_estimators': 250, 'subsample': 0.8}",0.6832298136645962,0.6832298136645962,0.6997929606625258,0.7178423236514523,0.6473029045643154,0.7261410788381742,0.6763485477178424,0.6970954356846473,0.6950207468879668,0.6970954356846473,0.6935817805383023,0.6418219461697723,0.6666666666666666,0.6804979253112033,0.7219917012448133,0.7074688796680498,0.7219917012448133,0.7282157676348547,0.7012448132780082,0.6825726141078838,0.6728778467908902,0.7101449275362319,0.6997929606625258,0.7323651452282157,0.7282157676348547,0.6887966804979253,0.6867219917012448,0.6950207468879668,0.6639004149377593,0.6431535269709544,0.6930047621911234,0.024535385804500463,15
2.7071290016174316,0.07131366358030351,0.004302708307902018,0.00045155770474062046,0.07,2,250,0.9,"{'learning_rate': 0.07, 'max_depth': 2, 'n_estimators': 250, 'subsample': 0.9}",0.7039337474120083,0.6894409937888198,0.7039337474120083,0.7261410788381742,0.6784232365145229,0.7323651452282157,0.6825726141078838,0.6825726141078838,0.7053941908713693,0.6867219917012448,0.6790890269151139,0.6480331262939959,0.6666666666666666,0.6825726141078838,0.7344398340248963,0.7012448132780082,0.7116182572614108,0.7344398340248963,0.6991701244813278,0.6887966804979253,0.6770186335403726,0.6997929606625258,0.7204968944099379,0.7199170124481328,0.7302904564315352,0.6908713692946058,0.6929460580912863,0.6991701244813278,0.6867219917012448,0.6473029045643154,0.6967366247719848,0.02263431390199547,1
2.562285884221395,0.055539011591008706,0.004619312286376953,0.0003928979543304236,0.07,3,200,0.7,"{'learning_rate': 0.07, 'max_depth': 3, 'n_estimators': 200, 'subsample': 0.7}",0.6935817805383023,0.6894409937888198,0.6915113871635611,0.7199170124481328,0.6618257261410788,0.7136929460580913,0.6680497925311203,0.7136929460580913,0.6991701244813278,0.6804979253112033,0.6873706004140787,0.660455486542443,0.6790890269151139,0.6784232365145229,0.7219917012448133,0.7033195020746889,0.6929460580912863,0.7095435684647303,0.6970954356846473,0.6804979253112033,0.6708074534161491,0.7122153209109731,0.7204968944099379,0.7033195020746889,0.7302904564315352,0.7033195020746889,0.6908713692946058,0.7012448132780082,0.6659751037344398,0.6535269709543569,0.6931393520785547,0.01988068025245765,14
2.922612698872884,0.0826826398624668,0.004910333951314291,0.0005488978611110028,0.07,3,200,0.8,"{'learning_rate': 0.07, 'max_depth': 3, 'n_estimators': 200, 'subsample': 0.8}",0.6935817805383023,0.6811594202898551,0.7122153209109731,0.7261410788381742,0.6639004149377593,0.7199170124481328,0.6887966804979253,0.7116182572614108,0.6846473029045643,0.6784232365145229,0.6811594202898551,0.6563146997929606,0.6687370600414079,0.6887966804979253,0.7012448132780082,0.7012448132780082,0.6929460580912863,0.7199170124481328,0.6846473029045643,0.6784232365145229,0.6770186335403726,0.6915113871635611,0.6977225672877847,0.7261410788381742,0.7261410788381742,0.7012448132780082,0.6825726141078838,0.6929460580912863,0.6659751037344398,0.6493775933609959,0.6914827510172991,0.020230801350345166,26
3.2994804779688516,0.055192190961905516,0.004928557078043619,0.0010795213437484752,0.07,3,200,0.9,"{'learning_rate': 0.07, 'max_depth': 3, 'n_estimators': 200, 'subsample': 0.9}",0.7018633540372671,0.6832298136645962,0.6977225672877847,0.7136929460580913,0.6597510373443983,0.7074688796680498,0.6784232365145229,0.6908713692946058,0.6970954356846473,0.6929460580912863,0.6853002070393375,0.6418219461697723,0.6645962732919255,0.7033195020746889,0.7282157676348547,0.6825726141078838,0.7012448132780082,0.6950207468879668,0.7033195020746889,0.6929460580912863,0.6749482401656315,0.6997929606625258,0.6956521739130435,0.7282157676348547,0.7261410788381742,0.6929460580912863,0.6763485477178424,0.6867219917012448,0.6701244813278008,0.6390041493775933,0.6903772525908554,0.02125952083247619,32
3.060879445075989,0.0538773978963105,0.0052476167678833004,0.0004939541650747767,0.07,3,225,0.7,"{'learning_rate': 0.07, 'max_depth': 3, 'n_estimators': 225, 'subsample': 0.7}",0.6853002070393375,0.6894409937888198,0.6935817805383023,0.7323651452282157,0.6618257261410788,0.7095435684647303,0.6597510373443983,0.7074688796680498,0.6950207468879668,0.6784232365145229,0.6770186335403726,0.6625258799171843,0.6790890269151139,0.6763485477178424,0.7116182572614108,0.7053941908713693,0.6970954356846473,0.7033195020746889,0.7012448132780082,0.6846473029045643,0.6687370600414079,0.7080745341614907,0.7039337474120083,0.7095435684647303,0.7344398340248963,0.6970954356846473,0.6846473029045643,0.6991701244813278,0.6597510373443983,0.6535269709543569,0.6909980842418153,0.020338295563932827,29
3.372138833999634,0.056869483381583576,0.005233637491861979,0.0005604130843452793,0.07,3,225,0.8,"{'learning_rate': 0.07, 'max_depth': 3, 'n_estimators': 225, 'subsample': 0.8}",0.6977225672877847,0.6853002070393375,0.7080745341614907,0.7136929460580913,0.6639004149377593,0.7219917012448133,0.6867219917012448,0.7157676348547718,0.6929460580912863,0.6721991701244814,0.6790890269151139,0.6563146997929606,0.6770186335403726,0.6908713692946058,0.6991701244813278,0.7033195020746889,0.7012448132780082,0.6970954356846473,0.6929460580912863,0.6804979253112033,0.6728778467908902,0.6997929606625258,0.6956521739130435,0.7219917012448133,0.7219917012448133,0.6887966804979253,0.6721991701244814,0.6867219917012448,0.6701244813278008,0.6431535269709544,0.6903062349481257,0.019164907086542934,33
3.704236936569214,0.055487598843863,0.004930686950683594,0.0005866904852379852,0.07,3,225,0.9,"{'learning_rate': 0.07, 'max_depth': 3, 'n_estimators': 225, 'subsample': 0.9}",0.6956521739130435,0.6770186335403726,0.6977225672877847,0.7136929460580913,0.6618257261410788,0.7116182572614108,0.6742738589211619,0.6929460580912863,0.6970954356846473,0.6908713692946058,0.6853002070393375,0.6438923395445134,0.6521739130434783,0.7012448132780082,0.7323651452282157,0.6887966804979253,0.6970954356846473,0.7033195020746889,0.7116182572614108,0.6908713692946058,0.6645962732919255,0.6894409937888198,0.6894409937888198,0.7199170124481328,0.7302904564315352,0.6929460580912863,0.6784232365145229,0.6929460580912863,0.6721991701244814,0.6348547717842323,0.689481657116512,0.02254815448384857,40
4.00577138264974,0.5011811213355285,0.006978861490885417,0.0008961556212748438,0.07,3,250,0.7,"{'learning_rate': 0.07, 'max_depth': 3, 'n_estimators': 250, 'subsample': 0.7}",0.6853002070393375,0.6935817805383023,0.7018633540372671,0.7302904564315352,0.6576763485477178,0.7178423236514523,0.6618257261410788,0.6970954356846473,0.6970954356846473,0.6867219917012448,0.6811594202898551,0.6563146997929606,0.6749482401656315,0.6825726141078838,0.7053941908713693,0.6991701244813278,0.6970954356846473,0.7033195020746889,0.7012448132780082,0.6784232365145229,0.6645962732919255,0.7163561076604554,0.7184265010351967,0.7095435684647303,0.7302904564315352,0.7074688796680498,0.6784232365145229,0.6970954356846473,0.6431535269709544,0.6493775933609959,0.6907888971933713,0.022581000979797945,30
5.366358709335327,0.42554660177103776,0.00736851692199707,0.0014668622962224452,0.07,3,250,0.8,"{'learning_rate': 0.07, 'max_depth': 3, 'n_estimators': 250, 'subsample': 0.8}",0.7039337474120083,0.6915113871635611,0.7101449275362319,0.7116182572614108,0.6556016597510373,0.7178423236514523,0.6763485477178424,0.7033195020746889,0.6867219917012448,0.6742738589211619,0.6832298136645962,0.660455486542443,0.6811594202898551,0.6887966804979253,0.7012448132780082,0.6929460580912863,0.6887966804979253,0.7116182572614108,0.6887966804979253,0.6825726141078838,0.6770186335403726,0.6977225672877847,0.6832298136645962,0.7240663900414938,0.7302904564315352,0.7012448132780082,0.6763485477178424,0.6846473029045643,0.6701244813278008,0.6493775933609959,0.6901667769158298,0.01893180180836098,37
5.652144122123718,0.14094282778633357,0.007392414410909017,0.0008417705690496629,0.07,3,250,0.9,"{'learning_rate': 0.07, 'max_depth': 3, 'n_estimators': 250, 'subsample': 0.9}",0.6873706004140787,0.6894409937888198,0.6977225672877847,0.7095435684647303,0.6639004149377593,0.7033195020746889,0.6659751037344398,0.6908713692946058,0.6950207468879668,0.6950207468879668,0.6790890269151139,0.6418219461697723,0.6583850931677019,0.6950207468879668,0.7323651452282157,0.6929460580912863,0.6908713692946058,0.7012448132780082,0.7116182572614108,0.6846473029045643,0.660455486542443,0.6997929606625258,0.6935817805383023,0.7199170124481328,0.7240663900414938,0.6867219917012448,0.6867219917012448,0.6887966804979253,0.6763485477178424,0.6410788381742739,0.6887892350998971,0.021152711955709877,47
4.804695741335551,0.0822511493721221,0.007525404294331868,0.0009209571470183952,0.07,4,200,0.7,"{'learning_rate': 0.07, 'max_depth': 4, 'n_estimators': 200, 'subsample': 0.7}",0.6790890269151139,0.6956521739130435,0.6853002070393375,0.7261410788381742,0.6514522821576764,0.7053941908713693,0.6887966804979253,0.6867219917012448,0.6970954356846473,0.6680497925311203,0.6770186335403726,0.6625258799171843,0.6832298136645962,0.6887966804979253,0.7157676348547718,0.6950207468879668,0.6950207468879668,0.6867219917012448,0.6846473029045643,0.6908713692946058,0.6521739130434783,0.6853002070393375,0.7018633540372671,0.7219917012448133,0.7427385892116183,0.6950207468879668,0.6804979253112033,0.6908713692946058,0.6639004149377593,0.6431535269709544,0.6880275136093286,0.021405196331818362,56
5.359449895222982,0.09462304510103037,0.007293589909871419,0.0005068271279488967,0.07,4,200,0.8,"{'learning_rate': 0.07, 'max_depth': 4, 'n_estimators': 200, 'subsample': 0.8}",0.6873706004140787,0.6894409937888198,0.6977225672877847,0.7116182572614108,0.6763485477178424,0.7033195020746889,0.6784232365145229,0.6867219917012448,0.6887966804979253,0.6597510373443983,0.6915113871635611,0.6645962732919255,0.6770186335403726,0.6950207468879668,0.7157676348547718,0.6970954356846473,0.6867219917012448,0.6991701244813278,0.7095435684647303,0.6742738589211619,0.6666666666666666,0.6935817805383023,0.6935817805383023,0.7261410788381742,0.7365145228215768,0.7012448132780082,0.6556016597510373,0.6867219917012448,0.6576763485477178,0.6535269709543569,0.6887163561076605,0.019937366935681326,49
5.865857060750326,0.09737426175774222,0.00723575750986735,0.0004704326736588345,0.07,4,200,0.9,"{'learning_rate': 0.07, 'max_depth': 4, 'n_estimators': 200, 'subsample': 0.9}",0.6935817805383023,0.6935817805383023,0.6728778467908902,0.7157676348547718,0.6576763485477178,0.7053941908713693,0.6950207468879668,0.7053941908713693,0.6846473029045643,0.6742738589211619,0.6728778467908902,0.6687370600414079,0.6645962732919255,0.7012448132780082,0.7323651452282157,0.6908713692946058,0.6867219917012448,0.7033195020746889,0.6887966804979253,0.6846473029045643,0.650103519668737,0.6997929606625258,0.6956521739130435,0.7157676348547718,0.7302904564315352,0.6825726141078838,0.6701244813278008,0.6929460580912863,0.6680497925311203,0.6410788381742739,0.6879590732197624,0.021252078627570357,57
5.380339868863424,0.09058256702103136,0.00795277754465739,0.0006178658746534962,0.07,4,225,0.7,"{'learning_rate': 0.07, 'max_depth': 4, 'n_estimators': 225, 'subsample': 0.7}",0.6790890269151139,0.6935817805383023,0.6873706004140787,0.7136929460580913,0.6576763485477178,0.7095435684647303,0.6742738589211619,0.6970954356846473,0.6970954356846473,0.6763485477178424,0.6770186335403726,0.6749482401656315,0.6873706004140787,0.6825726141078838,0.7178423236514523,0.6867219917012448,0.6908713692946058,0.6929460580912863,0.6929460580912863,0.6908713692946058,0.6459627329192547,0.6853002070393375,0.6956521739130435,0.7240663900414938,0.7323651452282157,0.7033195020746889,0.6804979253112033,0.7033195020746889,0.6556016597510373,0.6493775933609959,0.6885113213004246,0.02006982731070819,52
6.002282571792603,0.10393046151845362,0.007875458399454752,0.0004211004664418005,0.07,4,225,0.8,"{'learning_rate': 0.07, 'max_depth': 4, 'n_estimators': 225, 'subsample': 0.8}",0.6915113871635611,0.6894409937888198,0.6935817805383023,0.7136929460580913,0.6846473029045643,0.6991701244813278,0.6763485477178424,0.6763485477178424,0.6908713692946058,0.6659751037344398,0.6935817805383023,0.6583850931677019,0.660455486542443,0.6804979253112033,0.7053941908713693,0.6804979253112033,0.6825726141078838,0.6970954356846473,0.6991701244813278,0.6846473029045643,0.6666666666666666,0.6977225672877847,0.6894409937888198,0.7199170124481328,0.7344398340248963,0.6970954356846473,0.6597510373443983,0.6867219917012448,0.6639004149377593,0.6514522821576764,0.6863664739454024,0.01860347478891135,71
6.601853171984355,0.13036421565316095,0.00790106455485026,0.0013711255420608658,0.07,4,225,0.9,"{'learning_rate': 0.07, 'max_depth': 4, 'n_estimators': 225, 'subsample': 0.9}",0.7018633540372671,0.7018633540372671,0.6770186335403726,0.7095435684647303,0.6639004149377593,0.6991701244813278,0.6950207468879668,0.7095435684647303,0.6846473029045643,0.6721991701244814,0.6770186335403726,0.660455486542443,0.6811594202898551,0.6991701244813278,0.7240663900414938,0.6846473029045643,0.6825726141078838,0.6970954356846473,0.6825726141078838,0.6887966804979253,0.6438923395445134,0.6935817805383023,0.6977225672877847,0.7199170124481328,0.7199170124481328,0.6887966804979253,0.6680497925311203,0.6887966804979253,0.6659751037344398,0.6452282157676349,0.6874734041791591,0.019805879230318364,64
5.97661501566569,0.10181826028013685,0.00852652390797933,0.0007632544410764337,0.07,4,250,0.7,"{'learning_rate': 0.07, 'max_depth': 4, 'n_estimators': 250, 'subsample': 0.7}",0.6666666666666666,0.6915113871635611,0.6853002070393375,0.7033195020746889,0.6639004149377593,0.7095435684647303,0.6763485477178424,0.6908713692946058,0.6908713692946058,0.6763485477178424,0.6749482401656315,0.6770186335403726,0.6790890269151139,0.6887966804979253,0.7178423236514523,0.6825726141078838,0.6804979253112033,0.6929460580912863,0.6867219917012448,0.6970954356846473,0.6418219461697723,0.6894409937888198,0.6977225672877847,0.7282157676348547,0.7385892116182573,0.6929460580912863,0.6680497925311203,0.6950207468879668,0.6493775933609959,0.6535269709543569,0.6862307386121206,0.020786188936734937,75
6.6665066639582315,0.10259994675927171,0.008197283744812012,0.00045986689647988644,0.07,4,250,0.8,"{'learning_rate': 0.07, 'max_depth': 4, 'n_estimators': 250, 'subsample': 0.8}",0.7018633540372671,0.6915113871635611,0.6894409937888198,0.7074688796680498,0.6784232365145229,0.6991701244813278,0.6804979253112033,0.6887966804979253,0.6970954356846473,0.6618257261410788,0.6873706004140787,0.6625258799171843,0.6666666666666666,0.6846473029045643,0.7053941908713693,0.6825726141078838,0.6825726141078838,0.7116182572614108,0.7033195020746889,0.7033195020746889,0.6728778467908902,0.6956521739130435,0.7018633540372671,0.7136929460580913,0.7448132780082988,0.6970954356846473,0.6659751037344398,0.6867219917012448,0.6659751037344398,0.6473029045643154,0.6892690337305166,0.01928816561238529,44
7.337141664822896,0.116495656041075,0.008423487345377604,0.0009737199932985992,0.07,4,250,0.9,"{'learning_rate': 0.07, 'max_depth': 4, 'n_estimators': 250, 'subsample': 0.9}",0.6935817805383023,0.6997929606625258,0.6832298136645962,0.7074688796680498,0.6680497925311203,0.6929460580912863,0.6867219917012448,0.7157676348547718,0.6867219917012448,0.6804979253112033,0.6790890269151139,0.6563146997929606,0.6728778467908902,0.6970954356846473,0.7219917012448133,0.6887966804979253,0.6887966804979253,0.6950207468879668,0.6867219917012448,0.6970954356846473,0.650103519668737,0.7018633540372671,0.6997929606625258,0.7240663900414938,0.7282157676348547,0.7012448132780082,0.6680497925311203,0.6950207468879668,0.6659751037344398,0.6493775933609959,0.6894096372086629,0.019778452179486792,43
2.6059723615646364,0.06465343536915133,0.006152510643005371,0.0021833079287760407,0.08,2,200,0.7,"{'learning_rate': 0.08, 'max_depth': 2, 'n_estimators': 200, 'subsample': 0.7}",0.6977225672877847,0.6853002070393375,0.6956521739130435,0.7178423236514523,0.6576763485477178,0.7323651452282157,0.6659751037344398,0.6929460580912863,0.7033195020746889,0.6721991701244814,0.6811594202898551,0.650103519668737,0.6666666666666666,0.6742738589211619,0.7199170124481328,0.6991701244813278,0.7219917012448133,0.7302904564315352,0.6991701244813278,0.6846473029045643,0.6666666666666666,0.7018633540372671,0.7267080745341615,0.7219917012448133,0.7302904564315352,0.6908713692946058,0.6908713692946058,0.6950207468879668,0.6742738589211619,0.6431535269709544,0.6930033303838102,0.02441749662581348,16
2.894940996170044,0.08532925494208535,0.005803354581197103,0.0007298519853335334,0.08,2,200,0.8,"{'learning_rate': 0.08, 'max_depth': 2, 'n_estimators': 200, 'subsample': 0.8}",0.6997929606625258,0.6894409937888198,0.7018633540372671,0.7199170124481328,0.6680497925311203,0.7282157676348547,0.6867219917012448,0.7012448132780082,0.6908713692946058,0.6887966804979253,0.6894409937888198,0.6521739130434783,0.6625258799171843,0.6784232365145229,0.7157676348547718,0.7116182572614108,0.7116182572614108,0.7282157676348547,0.7012448132780082,0.6929460580912863,0.6687370600414079,0.6935817805383023,0.7080745341614907,0.7199170124481328,0.7199170124481328,0.6887966804979253,0.6846473029045643,0.6991701244813278,0.6701244813278008,0.6431535269709544,0.6938336354446765,0.021270050346527597,11
3.134968868891398,0.061796212663837176,0.0059256394704182945,0.0006618526836505372,0.08,2,200,0.9,"{'learning_rate': 0.08, 'max_depth': 2, 'n_estimators': 200, 'subsample': 0.9}",0.6977225672877847,0.6853002070393375,0.7080745341614907,0.7219917012448133,0.6680497925311203,0.7240663900414938,0.6701244813278008,0.6970954356846473,0.7012448132780082,0.6867219917012448,0.6894409937888198,0.6459627329192547,0.6666666666666666,0.6825726141078838,0.7302904564315352,0.7116182572614108,0.7157676348547718,0.7240663900414938,0.6908713692946058,0.6950207468879668,0.6749482401656315,0.6997929606625258,0.7060041407867494,0.7178423236514523,0.7199170124481328,0.6950207468879668,0.6908713692946058,0.6970954356846473,0.6784232365145229,0.6452282157676349,0.6945937819472007,0.02157752854477734,9
2.950435264905294,0.09381137196266141,0.005792299906412761,0.0006548460796391212,0.08,2,225,0.7,"{'learning_rate': 0.08, 'max_depth': 2, 'n_estimators': 225, 'subsample': 0.7}",0.6956521739130435,0.6770186335403726,0.6997929606625258,0.7240663900414938,0.6659751037344398,0.7240663900414938,0.6701244813278008,0.6887966804979253,0.6970954356846473,0.6804979253112033,0.6770186335403726,0.6542443064182195,0.6666666666666666,0.6680497925311203,0.7095435684647303,0.7074688796680498,0.7053941908713693,0.7302904564315352,0.6908713692946058,0.6721991701244814,0.6645962732919255,0.7039337474120083,0.7142857142857143,0.7282157676348547,0.7323651452282157,0.6846473029045643,0.6804979253112033,0.6908713692946058,0.6804979253112033,0.6493775933609959,0.6911373990933797,0.022785892333572588,28
3.2141397555669147,0.05767355146184648,0.006192406018575032,0.0006668523306049976,0.08,2,225,0.8,"{'learning_rate': 0.08, 'max_depth': 2, 'n_estimators': 225, 'subsample': 0.8}",0.6935817805383023,0.6853002070393375,0.6956521739130435,0.7136929460580913,0.6721991701244814,0.7323651452282157,0.6867219917012448,0.6991701244813278,0.7012448132780082,0.6887966804979253,0.6873706004140787,0.6438923395445134,0.6645962732919255,0.6763485477178424,0.7095435684647303,0.7116182572614108,0.7157676348547718,0.7282157676348547,0.6908713692946058,0.6846473029045643,0.6770186335403726,0.6997929606625258,0.7018633540372671,0.7157676348547718,0.7199170124481328,0.6887966804979253,0.6763485477178424,0.6970954356846473,0.6763485477178424,0.6452282157676349,0.6926591239057414,0.020905622307950563,21
3.501340889930725,0.06533575727398176,0.0058225472768147785,0.0005267609307548295,0.08,2,225,0.9,"{'learning_rate': 0.08, 'max_depth': 2, 'n_estimators': 225, 'subsample': 0.9}",0.6935817805383023,0.6915113871635611,0.7018633540372671,0.7178423236514523,0.6763485477178424,0.7302904564315352,0.6763485477178424,0.6950207468879668,0.7033195020746889,0.6846473029045643,0.6853002070393375,0.650103519668737,0.6645962732919255,0.6846473029045643,0.7302904564315352,0.7053941908713693,0.7012448132780082,0.7219917012448133,0.6908713692946058,0.6929460580912863,0.6708074534161491,0.7018633540372671,0.7080745341614907,0.7240663900414938,0.7199170124481328,0.6950207468879668,0.6804979253112033,0.6908713692946058,0.6846473029045643,0.6493775933609959,0.6941101174368358,0.0205308375191341,10
3.242180418968201,0.06696960409315611,0.006382886568705241,0.0013236269473298854,0.08,2,250,0.7,"{'learning_rate': 0.08, 'max_depth': 2, 'n_estimators': 250, 'subsample': 0.7}",0.6935817805383023,0.6853002070393375,0.6956521739130435,0.7261410788381742,0.6535269709543569,0.7199170124481328,0.6680497925311203,0.6804979253112033,0.6950207468879668,0.6742738589211619,0.6832298136645962,0.6542443064182195,0.6708074534161491,0.6763485477178424,0.7074688796680498,0.7095435684647303,0.7053941908713693,0.7261410788381742,0.7012448132780082,0.6701244813278008,0.6645962732919255,0.6935817805383023,0.7122153209109731,0.7261410788381742,0.7261410788381742,0.6867219917012448,0.6908713692946058,0.6950207468879668,0.6659751037344398,0.6473029045643154,0.6901692109882621,0.022563903091710514,36
3.56251703898112,0.06487987584163754,0.006384412447611491,0.0008231574989046693,0.08,2,250,0.8,"{'learning_rate': 0.08, 'max_depth': 2, 'n_estimators': 250, 'subsample': 0.8}",0.6977225672877847,0.6832298136645962,0.6997929606625258,0.7157676348547718,0.6639004149377593,0.7261410788381742,0.6701244813278008,0.6991701244813278,0.6991701244813278,0.6867219917012448,0.6832298136645962,0.6418219461697723,0.660455486542443,0.6721991701244814,0.7116182572614108,0.7157676348547718,0.7095435684647303,0.7261410788381742,0.6929460580912863,0.6867219917012448,0.6811594202898551,0.7018633540372671,0.7039337474120083,0.7219917012448133,0.7157676348547718,0.6887966804979253,0.6825726141078838,0.6970954356846473,0.6742738589211619,0.6431535269709544,0.6917598057323838,0.021892690888293796,24
3.924432555834452,0.09533020411934456,0.005918312072753906,0.00045661787175216577,0.08,2,250,0.9,"{'learning_rate': 0.08, 'max_depth': 2, 'n_estimators': 250, 'subsample': 0.9}",0.6977225672877847,0.6956521739130435,0.7018633540372671,0.7261410788381742,0.6659751037344398,0.7302904564315352,0.6825726141078838,0.6908713692946058,0.7074688796680498,0.6804979253112033,0.6873706004140787,0.6459627329192547,0.6666666666666666,0.6825726141078838,0.7344398340248963,0.6991701244813278,0.7033195020746889,0.7282157676348547,0.6950207468879668,0.6846473029045643,0.6770186335403726,0.6977225672877847,0.7122153209109731,0.7219917012448133,0.7261410788381742,0.6970954356846473,0.6867219917012448,0.6991701244813278,0.6804979253112033,0.6514522821576764,0.6952156158632796,0.021942001236616344,5
3.7114782412846883,0.0793831631968494,0.006507404645284017,0.0006015345431869268,0.08,3,200,0.7,"{'learning_rate': 0.08, 'max_depth': 3, 'n_estimators': 200, 'subsample': 0.7}",0.6915113871635611,0.6915113871635611,0.6935817805383023,0.7219917012448133,0.6576763485477178,0.6970954356846473,0.6846473029045643,0.6970954356846473,0.6929460580912863,0.6825726141078838,0.6770186335403726,0.6583850931677019,0.6894409937888198,0.6929460580912863,0.7012448132780082,0.6970954356846473,0.6846473029045643,0.7261410788381742,0.6970954356846473,0.6804979253112033,0.6687370600414079,0.7018633540372671,0.7018633540372671,0.7095435684647303,0.7323651452282157,0.6887966804979253,0.6867219917012448,0.6929460580912863,0.6618257261410788,0.6410788381742739,0.6900294665945036,0.019344594983447348,38
4.126063704490662,0.09144982386106336,0.0066194295883178714,0.0009252321738444293,0.08,3,200,0.8,"{'learning_rate': 0.08, 'max_depth': 3, 'n_estimators': 200, 'subsample': 0.8}",0.6894409937888198,0.6935817805383023,0.7080745341614907,0.7157676348547718,0.6618257261410788,0.7157676348547718,0.6721991701244814,0.6929460580912863,0.6887966804979253,0.6721991701244814,0.6666666666666666,0.6563146997929606,0.6749482401656315,0.6970954356846473,0.7157676348547718,0.6950207468879668,0.6970954356846473,0.6970954356846473,0.6991701244813278,0.6742738589211619,0.6645962732919255,0.6956521739130435,0.6997929606625258,0.7116182572614108,0.7282157676348547,0.6970954356846473,0.6804979253112033,0.6804979253112033,0.6680497925311203,0.6410788381742739,0.688371433725935,0.019925014744707554,53
4.49020201365153,0.07913325987491976,0.006586925188700358,0.0006070652254741606,0.08,3,200,0.9,"{'learning_rate': 0.08, 'max_depth': 3, 'n_estimators': 200, 'subsample': 0.9}",0.6997929606625258,0.6956521739130435,0.6997929606625258,0.7240663900414938,0.6659751037344398,0.7116182572614108,0.6846473029045643,0.6929460580912863,0.7033195020746889,0.6929460580912863,0.6811594202898551,0.6480331262939959,0.6625258799171843,0.6908713692946058,0.7261410788381742,0.6970954356846473,0.6908713692946058,0.7095435684647303,0.7095435684647303,0.6846473029045643,0.6832298136645962,0.6935817805383023,0.6915113871635611,0.7178423236514523,0.7323651452282157,0.6950207468879668,0.6804979253112033,0.6721991701244814,0.6721991701244814,0.6410788381742739,0.6916905062584299,0.020884413534704122,25
4.148680869738261,0.10108782308207323,0.0066353797912597655,0.0005882102567112233,0.08,3,225,0.7,"{'learning_rate': 0.08, 'max_depth': 3, 'n_estimators': 225, 'subsample': 0.7}",0.6832298136645962,0.6790890269151139,0.6915113871635611,0.7282157676348547,0.6659751037344398,0.7012448132780082,0.6721991701244814,0.6929460580912863,0.6950207468879668,0.6784232365145229,0.6811594202898551,0.650103519668737,0.6811594202898551,0.6846473029045643,0.7053941908713693,0.7033195020746889,0.6887966804979253,0.7302904564315352,0.6970954356846473,0.6887966804979253,0.6625258799171843,0.7039337474120083,0.6915113871635611,0.7116182572614108,0.7344398340248963,0.6929460580912863,0.6721991701244814,0.6784232365145229,0.6576763485477178,0.6556016597510373,0.6886497770676014,0.02058326852296296,50
4.5986412525177,0.0770459858389789,0.0068008740743001304,0.0005306606487350307,0.08,3,225,0.8,"{'learning_rate': 0.08, 'max_depth': 3, 'n_estimators': 225, 'subsample': 0.8}",0.6956521739130435,0.6997929606625258,0.7122153209109731,0.7199170124481328,0.6556016597510373,0.7095435684647303,0.6618257261410788,0.6887966804979253,0.6929460580912863,0.6784232365145229,0.6708074534161491,0.6480331262939959,0.6708074534161491,0.6825726141078838,0.7136929460580913,0.6908713692946058,0.6950207468879668,0.7012448132780082,0.6991701244813278,0.6784232365145229,0.6625258799171843,0.7018633540372671,0.7018633540372671,0.7116182572614108,0.7385892116182573,0.6970954356846473,0.6763485477178424,0.6867219917012448,0.6680497925311203,0.6410788381742739,0.6883704314608159,0.021917992481687704,54
5.125399589538574,0.1568669463289132,0.007329026858011882,0.0036689975519568195,0.08,3,225,0.9,"{'learning_rate': 0.08, 'max_depth': 3, 'n_estimators': 225, 'subsample': 0.9}",0.6894409937888198,0.6915113871635611,0.7039337474120083,0.7240663900414938,0.6618257261410788,0.7178423236514523,0.6742738589211619,0.6929460580912863,0.7012448132780082,0.6867219917012448,0.6770186335403726,0.6438923395445134,0.6749482401656315,0.6970954356846473,0.7116182572614108,0.6929460580912863,0.6846473029045643,0.7157676348547718,0.7095435684647303,0.6887966804979253,0.6790890269151139,0.6956521739130435,0.6832298136645962,0.7157676348547718,0.7282157676348547,0.6763485477178424,0.6825726141078838,0.6804979253112033,0.6742738589211619,0.6493775933609959,0.6901702132533812,0.01999375061479729,34
4.61826061407725,0.10377375435813953,0.007100192705790201,0.0004767671910584814,0.08,3,250,0.7,"{'learning_rate': 0.08, 'max_depth': 3, 'n_estimators': 250, 'subsample': 0.7}",0.6873706004140787,0.6894409937888198,0.6997929606625258,0.7261410788381742,0.6576763485477178,0.7012448132780082,0.6639004149377593,0.6887966804979253,0.6867219917012448,0.6867219917012448,0.6749482401656315,0.6563146997929606,0.6811594202898551,0.6950207468879668,0.7012448132780082,0.6929460580912863,0.6825726141078838,0.7136929460580913,0.6908713692946058,0.6846473029045643,0.6625258799171843,0.6997929606625258,0.6894409937888198,0.7157676348547718,0.7365145228215768,0.6887966804979253,0.6763485477178424,0.6908713692946058,0.6473029045643154,0.6535269709543569,0.6874038183437425,0.020288482312540462,65
5.132639034589132,0.09051305402659061,0.007240454355875651,0.0007706559538721364,0.08,3,250,0.8,"{'learning_rate': 0.08, 'max_depth': 3, 'n_estimators': 250, 'subsample': 0.8}",0.6997929606625258,0.7080745341614907,0.7060041407867494,0.7219917012448133,0.6597510373443983,0.7116182572614108,0.6639004149377593,0.6929460580912863,0.6846473029045643,0.6680497925311203,0.6728778467908902,0.6563146997929606,0.6832298136645962,0.6784232365145229,0.7116182572614108,0.6867219917012448,0.6887966804979253,0.7157676348547718,0.6950207468879668,0.6825726141078838,0.660455486542443,0.7039337474120083,0.6956521739130435,0.7136929460580913,0.7302904564315352,0.6929460580912863,0.6701244813278008,0.6950207468879668,0.6618257261410788,0.6618257261410788,0.6891295756982209,0.020325606492015993,45
5.631165663401286,0.10245870875843345,0.006999293963114421,0.0006351585325202289,0.08,3,250,0.9,"{'learning_rate': 0.08, 'max_depth': 3, 'n_estimators': 250, 'subsample': 0.9}",0.6832298136645962,0.6935817805383023,0.6977225672877847,0.7157676348547718,0.6597510373443983,0.7116182572614108,0.6680497925311203,0.6887966804979253,0.7033195020746889,0.6867219917012448,0.6853002070393375,0.6418219461697723,0.6749482401656315,0.6908713692946058,0.7178423236514523,0.6950207468879668,0.6784232365145229,0.7136929460580913,0.7157676348547718,0.6929460580912863,0.6790890269151139,0.6915113871635611,0.6935817805383023,0.7178423236514523,0.7261410788381742,0.6929460580912863,0.6763485477178424,0.6804979253112033,0.6804979253112033,0.6514522821576764,0.6901700700726502,0.019707197404923125,35
4.80140925248464,0.10052599140118341,0.007847213745117187,0.001348446890545845,0.08,4,200,0.7,"{'learning_rate': 0.08, 'max_depth': 4, 'n_estimators': 200, 'subsample': 0.7}",0.6666666666666666,0.6708074534161491,0.6956521739130435,0.7095435684647303,0.6556016597510373,0.7136929460580913,0.6701244813278008,0.6970954356846473,0.6846473029045643,0.6535269709543569,0.6770186335403726,0.6583850931677019,0.6811594202898551,0.6950207468879668,0.7074688796680498,0.6929460580912863,0.6825726141078838,0.7157676348547718,0.6929460580912863,0.6867219917012448,0.6542443064182195,0.7060041407867494,0.6894409937888198,0.7053941908713693,0.7157676348547718,0.7074688796680498,0.6846473029045643,0.6804979253112033,0.6556016597510373,0.6576763485477178,0.6854703057481336,0.019724677341221207,80
5.378778513272604,0.11383054854246097,0.00755303700764974,0.0012131556152609655,0.08,4,200,0.8,"{'learning_rate': 0.08, 'max_depth': 4, 'n_estimators': 200, 'subsample': 0.8}",0.6935817805383023,0.6832298136645962,0.6935817805383023,0.7074688796680498,0.6576763485477178,0.6970954356846473,0.6742738589211619,0.6825726141078838,0.6950207468879668,0.6763485477178424,0.6853002070393375,0.6583850931677019,0.6770186335403726,0.6887966804979253,0.6908713692946058,0.6804979253112033,0.6846473029045643,0.7178423236514523,0.6991701244813278,0.6991701244813278,0.6521739130434783,0.7018633540372671,0.7018633540372671,0.7240663900414938,0.7302904564315352,0.7074688796680498,0.6639004149377593,0.6908713692946058,0.6618257261410788,0.6576763485477178,0.6878183265608847,0.01951030154355222,58
5.8458513736724855,0.09836223567968858,0.00726164182027181,0.0005324359798671004,0.08,4,200,0.9,"{'learning_rate': 0.08, 'max_depth': 4, 'n_estimators': 200, 'subsample': 0.9}",0.6915113871635611,0.6935817805383023,0.6915113871635611,0.6991701244813278,0.6618257261410788,0.7012448132780082,0.6784232365145229,0.6887966804979253,0.7033195020746889,0.6804979253112033,0.6915113871635611,0.6480331262939959,0.6749482401656315,0.6887966804979253,0.7136929460580913,0.7012448132780082,0.6908713692946058,0.6887966804979253,0.7074688796680498,0.6908713692946058,0.639751552795031,0.6977225672877847,0.6873706004140787,0.7261410788381742,0.7178423236514523,0.7012448132780082,0.6576763485477178,0.6887966804979253,0.6493775933609959,0.6473029045643154,0.6866448172870689,0.021129265556864996,70
5.407250531514486,0.09477482943655491,0.00774392286936442,0.0005785896390168092,0.08,4,225,0.7,"{'learning_rate': 0.08, 'max_depth': 4, 'n_estimators': 225, 'subsample': 0.7}",0.6708074534161491,0.6832298136645962,0.6811594202898551,0.7136929460580913,0.6680497925311203,0.7074688796680498,0.6701244813278008,0.6950207468879668,0.6908713692946058,0.6639004149377593,0.6935817805383023,0.6687370600414079,0.6873706004140787,0.6908713692946058,0.7033195020746889,0.6929460580912863,0.6929460580912863,0.7199170124481328,0.6929460580912863,0.6950207468879668,0.6625258799171843,0.6997929606625258,0.7018633540372671,0.7261410788381742,0.7219917012448133,0.6950207468879668,0.6701244813278008,0.7074688796680498,0.6556016597510373,0.6618257261410788,0.6894779344174978,0.01875681482629326,42
5.9802043279012045,0.10681904530413178,0.007805029551188151,0.0005290221971597965,0.08,4,225,0.8,"{'learning_rate': 0.08, 'max_depth': 4, 'n_estimators': 225, 'subsample': 0.8}",0.6832298136645962,0.6977225672877847,0.6832298136645962,0.7240663900414938,0.6659751037344398,0.6991701244813278,0.6639004149377593,0.6804979253112033,0.6908713692946058,0.6825726141078838,0.6894409937888198,0.6438923395445134,0.6770186335403726,0.6721991701244814,0.6825726141078838,0.6825726141078838,0.6825726141078838,0.7157676348547718,0.7053941908713693,0.6970954356846473,0.6583850931677019,0.7018633540372671,0.7018633540372671,0.7240663900414938,0.7344398340248963,0.7095435684647303,0.6639004149377593,0.6908713692946058,0.6639004149377593,0.6473029045643154,0.6871966358255371,0.02181565909072304,66
6.583446216583252,0.09661236452565036,0.008064874013264974,0.002499823841396514,0.08,4,225,0.9,"{'learning_rate': 0.08, 'max_depth': 4, 'n_estimators': 225, 'subsample': 0.9}",0.6853002070393375,0.6873706004140787,0.7018633540372671,0.7095435684647303,0.6597510373443983,0.7053941908713693,0.6784232365145229,0.6846473029045643,0.6950207468879668,0.6784232365145229,0.6873706004140787,0.6521739130434783,0.6811594202898551,0.7033195020746889,0.7116182572614108,0.6950207468879668,0.6867219917012448,0.6846473029045643,0.7012448132780082,0.7033195020746889,0.6252587991718427,0.6915113871635611,0.6853002070393375,0.7323651452282157,0.7116182572614108,0.6970954356846473,0.6514522821576764,0.6867219917012448,0.6514522821576764,0.6514522821576764,0.6858853866882011,0.022393149381732425,77
5.997549184163412,0.12296967155948281,0.008500885963439942,0.0016757781788132831,0.08,4,250,0.7,"{'learning_rate': 0.08, 'max_depth': 4, 'n_estimators': 250, 'subsample': 0.7}",0.6687370600414079,0.6915113871635611,0.6853002070393375,0.7136929460580913,0.6639004149377593,0.7074688796680498,0.6618257261410788,0.6950207468879668,0.6908713692946058,0.6597510373443983,0.6853002070393375,0.6728778467908902,0.6853002070393375,0.6887966804979253,0.6950207468879668,0.6970954356846473,0.6887966804979253,0.7178423236514523,0.6929460580912863,0.7074688796680498,0.6542443064182195,0.7060041407867494,0.6977225672877847,0.7261410788381742,0.7157676348547718,0.7012448132780082,0.6659751037344398,0.7053941908713693,0.6514522821576764,0.6639004149377593,0.6885790457863343,0.01989583675614733,51
6.665583848953247,0.11556254804212185,0.008183908462524415,0.0007073866583059941,0.08,4,250,0.8,"{'learning_rate': 0.08, 'max_depth': 4, 'n_estimators': 250, 'subsample': 0.8}",0.6894409937888198,0.6853002070393375,0.6832298136645962,0.7199170124481328,0.6618257261410788,0.7074688796680498,0.6742738589211619,0.6742738589211619,0.6950207468879668,0.6846473029045643,0.6915113871635611,0.6521739130434783,0.6749482401656315,0.6721991701244814,0.6908713692946058,0.6867219917012448,0.6867219917012448,0.7053941908713693,0.7053941908713693,0.7012448132780082,0.6542443064182195,0.6873706004140787,0.6997929606625258,0.7282157676348547,0.7365145228215768,0.7053941908713693,0.6721991701244814,0.6929460580912863,0.6639004149377593,0.6473029045643154,0.6876820185046778,0.02091313604117055,59
7.393465542793274,0.11914464897178526,0.008080347379048666,0.0006168893741634186,0.08,4,250,0.9,"{'learning_rate': 0.08, 'max_depth': 4, 'n_estimators': 250, 'subsample': 0.9}",0.6811594202898551,0.6873706004140787,0.7039337474120083,0.7053941908713693,0.6742738589211619,0.7053941908713693,0.6825726141078838,0.6846473029045643,0.6887966804979253,0.6742738589211619,0.6894409937888198,0.6583850931677019,0.6790890269151139,0.6950207468879668,0.7012448132780082,0.6970954356846473,0.6784232365145229,0.6929460580912863,0.7012448132780082,0.7157676348547718,0.6376811594202898,0.7018633540372671,0.6811594202898551,0.7344398340248963,0.7240663900414938,0.6970954356846473,0.6597510373443983,0.6991701244813278,0.6493775933609959,0.6452282157676349,0.687543562737501,0.02175755061993126,62
2.585904820760091,0.05976298116536296,0.005511665344238281,0.0006234209733471775,0.09,2,200,0.7,"{'learning_rate': 0.09, 'max_depth': 2, 'n_estimators': 200, 'subsample': 0.7}",0.7039337474120083,0.6894409937888198,0.6935817805383023,0.7282157676348547,0.6431535269709544,0.7385892116182573,0.6680497925311203,0.6970954356846473,0.7074688796680498,0.6742738589211619,0.6770186335403726,0.6625258799171843,0.6708074534161491,0.6887966804979253,0.7033195020746889,0.7012448132780082,0.7136929460580913,0.7240663900414938,0.6950207468879668,0.6742738589211619,0.660455486542443,0.7142857142857143,0.7142857142857143,0.7157676348547718,0.7178423236514523,0.6950207468879668,0.6887966804979253,0.6846473029045643,0.6825726141078838,0.6390041493775933,0.6922416088932416,0.02377057375884162,23
2.863314175605774,0.0662723301094287,0.005625764528910319,0.0005877702983997293,0.09,2,200,0.8,"{'learning_rate': 0.09, 'max_depth': 2, 'n_estimators': 200, 'subsample': 0.8}",0.7080745341614907,0.6853002070393375,0.7060041407867494,0.7074688796680498,0.6659751037344398,0.7302904564315352,0.6804979253112033,0.6929460580912863,0.6887966804979253,0.6846473029045643,0.6832298136645962,0.650103519668737,0.6645962732919255,0.6763485477178424,0.7219917012448133,0.7219917012448133,0.7116182572614108,0.7344398340248963,0.6950207468879668,0.6701244813278008,0.6749482401656315,0.6956521739130435,0.7101449275362319,0.7157676348547718,0.7240663900414938,0.6887966804979253,0.6991701244813278,0.6970954356846473,0.6659751037344398,0.6348547717842323,0.692864588255171,0.023533715146309926,20
3.127449941635132,0.07257137659595911,0.0057342529296875,0.0007137754710067993,0.09,2,200,0.9,"{'learning_rate': 0.09, 'max_depth': 2, 'n_estimators': 200, 'subsample': 0.9}",0.7018633540372671,0.6790890269151139,0.7018633540372671,0.7282157676348547,0.6639004149377593,0.7323651452282157,0.6825726141078838,0.6950207468879668,0.7053941908713693,0.6867219917012448,0.6873706004140787,0.639751552795031,0.6645962732919255,0.7012448132780082,0.7323651452282157,0.7074688796680498,0.7178423236514523,0.7219917012448133,0.6887966804979253,0.7012448132780082,0.6687370600414079,0.6997929606625258,0.7122153209109731,0.7240663900414938,0.7219917012448133,0.6970954356846473,0.6950207468879668,0.6950207468879668,0.6742738589211619,0.6680497925311203,0.6965314467840177,0.022189201946814403,2
2.9221548318862913,0.06824991222088937,0.006091713905334473,0.0006397141549692028,0.09,2,225,0.7,"{'learning_rate': 0.09, 'max_depth': 2, 'n_estimators': 225, 'subsample': 0.7}",0.6997929606625258,0.6894409937888198,0.7018633540372671,0.7261410788381742,0.6493775933609959,0.7323651452282157,0.6639004149377593,0.6950207468879668,0.6970954356846473,0.6701244813278008,0.6790890269151139,0.660455486542443,0.6666666666666666,0.6846473029045643,0.7012448132780082,0.7012448132780082,0.7074688796680498,0.7178423236514523,0.6887966804979253,0.6701244813278008,0.6666666666666666,0.7163561076604554,0.7101449275362319,0.7199170124481328,0.7240663900414938,0.6908713692946058,0.6846473029045643,0.6742738589211619,0.6825726141078838,0.6493775933609959,0.6907198840808798,0.02243629884022752,31
3.2256171067555743,0.06703819619637426,0.006069207191467285,0.0007683150024534989,0.09,2,225,0.8,"{'learning_rate': 0.09, 'max_depth': 2, 'n_estimators': 225, 'subsample': 0.8}",0.6977225672877847,0.6832298136645962,0.7101449275362319,0.7116182572614108,0.6659751037344398,0.7240663900414938,0.6763485477178424,0.6908713692946058,0.6908713692946058,0.6825726141078838,0.6853002070393375,0.6480331262939959,0.6749482401656315,0.6784232365145229,0.7282157676348547,0.7178423236514523,0.7074688796680498,0.7385892116182573,0.6908713692946058,0.6721991701244814,0.6749482401656315,0.6977225672877847,0.6997929606625258,0.7199170124481328,0.7261410788381742,0.6950207468879668,0.6970954356846473,0.6950207468879668,0.6680497925311203,0.6390041493775933,0.6929341740905877,0.02297157393606529,17
3.491996145248413,0.0649483356145753,0.005762283007303874,0.0005527342843286828,0.09,2,225,0.9,"{'learning_rate': 0.09, 'max_depth': 2, 'n_estimators': 225, 'subsample': 0.9}",0.7101449275362319,0.6811594202898551,0.7080745341614907,0.7261410788381742,0.6701244813278008,0.7302904564315352,0.6825726141078838,0.6887966804979253,0.7053941908713693,0.6784232365145229,0.6894409937888198,0.6418219461697723,0.6687370600414079,0.6950207468879668,0.7302904564315352,0.7053941908713693,0.7095435684647303,0.7219917012448133,0.6804979253112033,0.6929460580912863,0.6749482401656315,0.7039337474120083,0.7060041407867494,0.7282157676348547,0.7219917012448133,0.6991701244813278,0.6846473029045643,0.6991701244813278,0.6742738589211619,0.6597510373443983,0.6956304104418845,0.021828966308723177,4
3.2580197493235272,0.08966752835295438,0.0069274425506591795,0.0031739887396927935,0.09,2,250,0.7,"{'learning_rate': 0.09, 'max_depth': 2, 'n_estimators': 250, 'subsample': 0.7}",0.7039337474120083,0.6977225672877847,0.6956521739130435,0.7261410788381742,0.6473029045643154,0.7344398340248963,0.6701244813278008,0.6929460580912863,0.6991701244813278,0.6804979253112033,0.6728778467908902,0.6625258799171843,0.6770186335403726,0.6908713692946058,0.7012448132780082,0.6991701244813278,0.7012448132780082,0.7157676348547718,0.6950207468879668,0.6784232365145229,0.6666666666666666,0.7060041407867494,0.7080745341614907,0.7095435684647303,0.7219917012448133,0.6929460580912863,0.6887966804979253,0.6742738589211619,0.6784232365145229,0.6535269709543569,0.6914114470131068,0.02044510130520552,27
3.5924643437067667,0.0714113114615892,0.005976557731628418,0.0005115670426567495,0.09,2,250,0.8,"{'learning_rate': 0.09, 'max_depth': 2, 'n_estimators': 250, 'subsample': 0.8}",0.7018633540372671,0.6915113871635611,0.7122153209109731,0.7219917012448133,0.6618257261410788,0.7178423236514523,0.6784232365145229,0.6929460580912863,0.6908713692946058,0.6804979253112033,0.6790890269151139,0.6521739130434783,0.660455486542443,0.6825726141078838,0.7240663900414938,0.7136929460580913,0.7012448132780082,0.7344398340248963,0.6950207468879668,0.6784232365145229,0.6728778467908902,0.6997929606625258,0.7018633540372671,0.7199170124481328,0.7302904564315352,0.6908713692946058,0.6908713692946058,0.7053941908713693,0.6639004149377593,0.6410788381742739,0.6929341740905876,0.02311272869974524,18
3.9130656639734904,0.07873604750303248,0.006158224741617839,0.0011886064117556823,0.09,2,250,0.9,"{'learning_rate': 0.09, 'max_depth': 2, 'n_estimators': 250, 'subsample': 0.9}",0.7080745341614907,0.6853002070393375,0.7101449275362319,0.7261410788381742,0.6639004149377593,0.7282157676348547,0.6784232365145229,0.6908713692946058,0.7033195020746889,0.6804979253112033,0.6832298136645962,0.6356107660455487,0.6749482401656315,0.6970954356846473,0.7302904564315352,0.7053941908713693,0.6991701244813278,0.7178423236514523,0.6887966804979253,0.6950207468879668,0.6790890269151139,0.6997929606625258,0.7142857142857143,0.7302904564315352,0.7261410788381742,0.6950207468879668,0.6846473029045643,0.6991701244813278,0.6701244813278008,0.6452282157676349,0.6948692616742408,0.023232525932609542,8
3.6787711143493653,0.0680937852087074,0.006513039271036784,0.0005691996799842897,0.09,3,200,0.7,"{'learning_rate': 0.09, 'max_depth': 3, 'n_estimators': 200, 'subsample': 0.7}",0.6935817805383023,0.6832298136645962,0.6873706004140787,0.7157676348547718,0.6597510373443983,0.7136929460580913,0.6784232365145229,0.6887966804979253,0.6887966804979253,0.6867219917012448,0.6811594202898551,0.6521739130434783,0.6645962732919255,0.6950207468879668,0.7178423236514523,0.6887966804979253,0.6950207468879668,0.7157676348547718,0.6950207468879668,0.7012448132780082,0.6666666666666666,0.6956521739130435,0.7142857142857143,0.7136929460580913,0.7199170124481328,0.7033195020746889,0.6825726141078838,0.6825726141078838,0.6452282157676349,0.6390041493775933,0.6888562436821501,0.02131253554365866,46
4.070165578524271,0.06393486156496705,0.006583793958028158,0.0009305505337203972,0.09,3,200,0.8,"{'learning_rate': 0.09, 'max_depth': 3, 'n_estimators': 200, 'subsample': 0.8}",0.6997929606625258,0.6873706004140787,0.6935817805383023,0.7178423236514523,0.6473029045643154,0.7116182572614108,0.6846473029045643,0.6846473029045643,0.6846473029045643,0.6804979253112033,0.6708074534161491,0.6438923395445134,0.6687370600414079,0.6804979253112033,0.7136929460580913,0.6867219917012448,0.6929460580912863,0.6991701244813278,0.6908713692946058,0.6742738589211619,0.6687370600414079,0.6935817805383023,0.6894409937888198,0.7074688796680498,0.7344398340248963,0.6970954356846473,0.6763485477178424,0.6825726141078838,0.6742738589211619,0.6514522821576764,0.6862990358209554,0.01972021066484394,72
4.473490929603576,0.07538009138366597,0.006623125076293946,0.0008849748855155997,0.09,3,200,0.9,"{'learning_rate': 0.09, 'max_depth': 3, 'n_estimators': 200, 'subsample': 0.9}",0.6811594202898551,0.6915113871635611,0.6956521739130435,0.7240663900414938,0.6493775933609959,0.7136929460580913,0.6680497925311203,0.6950207468879668,0.6950207468879668,0.6825726141078838,0.6666666666666666,0.6521739130434783,0.6583850931677019,0.6804979253112033,0.7136929460580913,0.6950207468879668,0.6950207468879668,0.7033195020746889,0.6950207468879668,0.6929460580912863,0.6666666666666666,0.6853002070393375,0.6977225672877847,0.7282157676348547,0.7219917012448133,0.7012448132780082,0.6784232365145229,0.6908713692946058,0.6618257261410788,0.6452282157676349,0.6875452809062768,0.02156292807193143,60
4.138502605756124,0.07866180898305244,0.007308348019917806,0.0021863880720454265,0.09,3,225,0.7,"{'learning_rate': 0.09, 'max_depth': 3, 'n_estimators': 225, 'subsample': 0.7}",0.6770186335403726,0.6728778467908902,0.6935817805383023,0.7344398340248963,0.6639004149377593,0.7136929460580913,0.6846473029045643,0.6887966804979253,0.6929460580912863,0.6846473029045643,0.6790890269151139,0.6480331262939959,0.6687370600414079,0.6908713692946058,0.7136929460580913,0.6929460580912863,0.6950207468879668,0.7136929460580913,0.6991701244813278,0.7033195020746889,0.6708074534161491,0.6894409937888198,0.7018633540372671,0.7033195020746889,0.7282157676348547,0.7053941908713693,0.6908713692946058,0.6887966804979253,0.6535269709543569,0.6410788381742739,0.689481227574318,0.021301455878839182,41
4.603445744514465,0.08147734355313405,0.006838274002075195,0.0007070593852594607,0.09,3,225,0.8,"{'learning_rate': 0.09, 'max_depth': 3, 'n_estimators': 225, 'subsample': 0.8}",0.6935817805383023,0.6853002070393375,0.6977225672877847,0.7053941908713693,0.6576763485477178,0.7053941908713693,0.6950207468879668,0.6825726141078838,0.6784232365145229,0.6721991701244814,0.6749482401656315,0.6418219461697723,0.6832298136645962,0.6867219917012448,0.6950207468879668,0.6929460580912863,0.6846473029045643,0.7012448132780082,0.6991701244813278,0.6825726141078838,0.660455486542443,0.6977225672877847,0.6894409937888198,0.7095435684647303,0.7178423236514523,0.7033195020746889,0.6701244813278008,0.6825726141078838,0.6804979253112033,0.6576763485477178,0.6861601505115847,0.01682009158092784,76
5.063139724731445,0.1130077848696802,0.006568415959676107,0.0005591009383691768,0.09,3,225,0.9,"{'learning_rate': 0.09, 'max_depth': 3, 'n_estimators': 225, 'subsample': 0.9}",0.6853002070393375,0.6832298136645962,0.6894409937888198,0.7240663900414938,0.6597510373443983,0.7095435684647303,0.6639004149377593,0.7033195020746889,0.7012448132780082,0.6867219917012448,0.6687370600414079,0.6376811594202898,0.6645962732919255,0.6846473029045643,0.7012448132780082,0.6991701244813278,0.6867219917012448,0.7095435684647303,0.7053941908713693,0.6950207468879668,0.6749482401656315,0.6894409937888198,0.6915113871635611,0.7095435684647303,0.7261410788381742,0.7074688796680498,0.6701244813278008,0.6846473029045643,0.6535269709543569,0.6390041493775933,0.6868544338777064,0.022007909542605966,68
4.581392653783163,0.07712860544096838,0.007317980130513509,0.0008309917169128057,0.09,3,250,0.7,"{'learning_rate': 0.09, 'max_depth': 3, 'n_estimators': 250, 'subsample': 0.7}",0.6666666666666666,0.6977225672877847,0.6915113871635611,0.7302904564315352,0.6597510373443983,0.7157676348547718,0.6763485477178424,0.6804979253112033,0.6784232365145229,0.6825726141078838,0.6832298136645962,0.6521739130434783,0.6625258799171843,0.6825726141078838,0.7136929460580913,0.6908713692946058,0.6970954356846473,0.7157676348547718,0.6950207468879668,0.6950207468879668,0.6542443064182195,0.6956521739130435,0.6997929606625258,0.7053941908713693,0.7302904564315352,0.7033195020746889,0.6784232365145229,0.6887966804979253,0.6535269709543569,0.6473029045643154,0.6874755518901289,0.02193142652789165,63
5.093301820755005,0.07745427526792328,0.007202013333638509,0.0013469347197135899,0.09,3,250,0.8,"{'learning_rate': 0.09, 'max_depth': 3, 'n_estimators': 250, 'subsample': 0.8}",0.6873706004140787,0.6853002070393375,0.6915113871635611,0.7157676348547718,0.6514522821576764,0.7074688796680498,0.6846473029045643,0.6763485477178424,0.6887966804979253,0.6701244813278008,0.6811594202898551,0.6376811594202898,0.6770186335403726,0.6887966804979253,0.7095435684647303,0.6825726141078838,0.6846473029045643,0.6991701244813278,0.6867219917012448,0.6846473029045643,0.6583850931677019,0.7018633540372671,0.6873706004140787,0.7116182572614108,0.7178423236514523,0.6929460580912863,0.6763485477178424,0.6701244813278008,0.6784232365145229,0.6639004149377593,0.6849856389726496,0.017993658631993224,81
5.618154144287109,0.08741337531684722,0.0070983091990153,0.0007033386411759995,0.09,3,250,0.9,"{'learning_rate': 0.09, 'max_depth': 3, 'n_estimators': 250, 'subsample': 0.9}",0.6935817805383023,0.6770186335403726,0.6997929606625258,0.7136929460580913,0.6576763485477178,0.7012448132780082,0.6639004149377593,0.7095435684647303,0.7053941908713693,0.6784232365145229,0.6770186335403726,0.6438923395445134,0.6687370600414079,0.6887966804979253,0.6991701244813278,0.6991701244813278,0.6846473029045643,0.7095435684647303,0.6929460580912863,0.6908713692946058,0.6625258799171843,0.6873706004140787,0.6977225672877847,0.7095435684647303,0.7302904564315352,0.7053941908713693,0.6639004149377593,0.6887966804979253,0.6493775933609959,0.6514522821576764,0.6867145463032168,0.0210861518054527,69
4.789655057589213,0.07630486761828563,0.007380962371826172,0.0005470142161691572,0.09,4,200,0.7,"{'learning_rate': 0.09, 'max_depth': 4, 'n_estimators': 200, 'subsample': 0.7}",0.6832298136645962,0.6873706004140787,0.6997929606625258,0.7261410788381742,0.6576763485477178,0.7074688796680498,0.6639004149377593,0.6763485477178424,0.6701244813278008,0.6721991701244814,0.6894409937888198,0.660455486542443,0.6853002070393375,0.6887966804979253,0.7116182572614108,0.7033195020746889,0.6929460580912863,0.7095435684647303,0.7116182572614108,0.6887966804979253,0.6438923395445134,0.6997929606625258,0.7018633540372671,0.7240663900414938,0.7178423236514523,0.6991701244813278,0.6763485477178424,0.6846473029045643,0.6721991701244814,0.6431535269709544,0.6883021342519811,0.021453463575244212,55
5.339651560783386,0.08167819161626425,0.007054336865743001,0.0005531044126082496,0.09,4,200,0.8,"{'learning_rate': 0.09, 'max_depth': 4, 'n_estimators': 200, 'subsample': 0.8}",0.6790890269151139,0.6790890269151139,0.6915113871635611,0.7199170124481328,0.6784232365145229,0.6908713692946058,0.6825726141078838,0.6825726141078838,0.7053941908713693,0.6763485477178424,0.6894409937888198,0.6563146997929606,0.6708074534161491,0.6846473029045643,0.6970954356846473,0.6887966804979253,0.6929460580912863,0.6929460580912863,0.7033195020746889,0.6887966804979253,0.6666666666666666,0.6873706004140787,0.6915113871635611,0.7199170124481328,0.7282157676348547,0.7033195020746889,0.6887966804979253,0.6784232365145229,0.6639004149377593,0.6473029045643154,0.6875441354604263,0.01744436722018438,61
5.891547282536824,0.12641251765917066,0.007654150327046712,0.002208558066396548,0.09,4,200,0.9,"{'learning_rate': 0.09, 'max_depth': 4, 'n_estimators': 200, 'subsample': 0.9}",0.6956521739130435,0.6790890269151139,0.6853002070393375,0.7157676348547718,0.6701244813278008,0.7095435684647303,0.6867219917012448,0.7095435684647303,0.6908713692946058,0.6784232365145229,0.6790890269151139,0.6480331262939959,0.6708074534161491,0.6970954356846473,0.6867219917012448,0.6804979253112033,0.6763485477178424,0.6825726141078838,0.7074688796680498,0.6867219917012448,0.6356107660455487,0.6853002070393375,0.6956521739130435,0.7385892116182573,0.7302904564315352,0.7199170124481328,0.6556016597510373,0.6846473029045643,0.6514522821576764,0.6535269709543569,0.6862327431423589,0.023517921962403706,73
5.404248158137004,0.13185826898092987,0.007741959889729818,0.0006505717177670632,0.09,4,225,0.7,"{'learning_rate': 0.09, 'max_depth': 4, 'n_estimators': 225, 'subsample': 0.7}",0.6894409937888198,0.6935817805383023,0.7060041407867494,0.7178423236514523,0.6535269709543569,0.7157676348547718,0.6680497925311203,0.6721991701244814,0.6721991701244814,0.6639004149377593,0.6708074534161491,0.6687370600414079,0.6853002070393375,0.6867219917012448,0.6970954356846473,0.7053941908713693,0.6929460580912863,0.7178423236514523,0.6970954356846473,0.6887966804979253,0.6438923395445134,0.7039337474120083,0.6997929606625258,0.7261410788381742,0.7240663900414938,0.6970954356846473,0.6825726141078838,0.6929460580912863,0.6742738589211619,0.6556016597510373,0.6887855124008833,0.02097213814244298,48
5.994418899218242,0.09612337452314151,0.00769797166188558,0.0008249526155410807,0.09,4,225,0.8,"{'learning_rate': 0.09, 'max_depth': 4, 'n_estimators': 225, 'subsample': 0.8}",0.6749482401656315,0.6873706004140787,0.6790890269151139,0.7116182572614108,0.6763485477178424,0.7033195020746889,0.6680497925311203,0.6721991701244814,0.6991701244813278,0.6680497925311203,0.6915113871635611,0.660455486542443,0.6728778467908902,0.6887966804979253,0.6950207468879668,0.6887966804979253,0.6846473029045643,0.6970954356846473,0.6908713692946058,0.6950207468879668,0.6728778467908902,0.6894409937888198,0.6873706004140787,0.7199170124481328,0.7219917012448133,0.7074688796680498,0.6867219917012448,0.6804979253112033,0.6597510373443983,0.6452282157676349,0.6858840980616193,0.017210463424288305,78
6.584396807352702,0.09488121449346756,0.00759279727935791,0.0005307662025785981,0.09,4,225,0.9,"{'learning_rate': 0.09, 'max_depth': 4, 'n_estimators': 225, 'subsample': 0.9}",0.6894409937888198,0.6873706004140787,0.6894409937888198,0.7136929460580913,0.6639004149377593,0.7157676348547718,0.6804979253112033,0.7074688796680498,0.6929460580912863,0.6721991701244814,0.6832298136645962,0.6480331262939959,0.6687370600414079,0.6929460580912863,0.6908713692946058,0.6846473029045643,0.6742738589211619,0.6784232365145229,0.6970954356846473,0.7074688796680498,0.639751552795031,0.6894409937888198,0.6915113871635611,0.7365145228215768,0.7282157676348547,0.7219917012448133,0.6618257261410788,0.6929460580912863,0.6597510373443983,0.6473029045643154,0.6869234469901979,0.023166587522965906,67
5.977694137891134,0.09638660816025767,0.00833437442779541,0.0006486038262485841,0.09,4,250,0.7,"{'learning_rate': 0.09, 'max_depth': 4, 'n_estimators': 250, 'subsample': 0.7}",0.6873706004140787,0.6935817805383023,0.7101449275362319,0.7199170124481328,0.6535269709543569,0.7157676348547718,0.6721991701244814,0.6867219917012448,0.6908713692946058,0.6701244813278008,0.6853002070393375,0.6790890269151139,0.6853002070393375,0.6846473029045643,0.7074688796680498,0.7074688796680498,0.6950207468879668,0.7033195020746889,0.7012448132780082,0.7012448132780082,0.6418219461697723,0.6977225672877847,0.6977225672877847,0.7178423236514523,0.7116182572614108,0.7033195020746889,0.6804979253112033,0.6846473029045643,0.6659751037344398,0.6473029045643154,0.6899600239398184,0.0197276840008228,39
6.677169156074524,0.10447251391269434,0.008726183573404949,0.001984030751627823,0.09,4,250,0.8,"{'learning_rate': 0.09, 'max_depth': 4, 'n_estimators': 250, 'subsample': 0.8}",0.6708074534161491,0.6956521739130435,0.6811594202898551,0.7074688796680498,0.6763485477178424,0.7033195020746889,0.6742738589211619,0.6742738589211619,0.7074688796680498,0.6659751037344398,0.6894409937888198,0.6666666666666666,0.6728778467908902,0.6784232365145229,0.6887966804979253,0.6887966804979253,0.6784232365145229,0.6867219917012448,0.6950207468879668,0.7033195020746889,0.6708074534161491,0.6873706004140787,0.6935817805383023,0.7282157676348547,0.7219917012448133,0.7095435684647303,0.6763485477178424,0.6825726141078838,0.6473029045643154,0.6473029045643154,0.6856757700975636,0.018643319964162287,79
7.057773081461589,0.4544628589860813,0.0071803808212280275,0.0016463701695866475,0.09,4,250,0.9,"{'learning_rate': 0.09, 'max_depth': 4, 'n_estimators': 250, 'subsample': 0.9}",0.6894409937888198,0.6935817805383023,0.6977225672877847,0.7116182572614108,0.6618257261410788,0.7116182572614108,0.6721991701244814,0.6970954356846473,0.6929460580912863,0.6721991701244814,0.6811594202898551,0.6438923395445134,0.6666666666666666,0.6929460580912863,0.6846473029045643,0.6825726141078838,0.6742738589211619,0.6867219917012448,0.6908713692946058,0.7116182572614108,0.6376811594202898,0.6873706004140787,0.7018633540372671,0.7199170124481328,0.7302904564315352,0.7219917012448133,0.6721991701244814,0.6887966804979253,0.6597510373443983,0.6514522821576764,0.6862310249735833,0.02219686887938146,74
